question,answer
How can I reset my password?,"To reset your password, go to the login page and click on 'Forgot Password'. Follow the instructions sent to your registered email address."
What is the refund policy?,"Our refund policy allows for refunds within 30 days of purchase. Please contact our support team for assistance."
How can I contact customer support?,"You can contact our customer support via email at support@example.com or call us at 1-800-123-4567."
Where can I find the user manual?,"The user manual can be downloaded from our website under the 'Resources' section."
What are the shipping options?,"We offer standard and express shipping options. Standard shipping takes 5-7 business days, while express shipping takes 2-3 business days."
How do I update my account information?,"To update your account information, log in to your account and go to the 'Account Settings' page."
What payment methods are accepted?,"We accept Visa, MasterCard, American Express, and PayPal."
Can I track my order?,"Yes, you can track your order using the tracking number provided in your shipping confirmation email."
What is the warranty period?,"Our products come with a one-year warranty from the date of purchase."
How do I unsubscribe from the newsletter?,"To unsubscribe from the newsletter, click on the 'Unsubscribe' link at the bottom of any newsletter email."
